ID_Kunde;ID_Buch;Wertung;Rezension
3;399;4;Die Idee des Buches war vielversprechend, doch leider konnte die Umsetzung nicht mithalten. Die Charaktere wirkten oft eindimensional.
4;860;7;Ein gelungenes Buch, das mich unterhalten hat. Einige Passagen hätten jedoch straffer sein können.
5;547;6;Ein durchschnittliches Buch. Einige Höhepunkte, aber auch viele Längen.
8;151;9;Dieses Buch hat mich beeindruckt! Es ist fast perfekt, mit nur wenigen, kleinen Schwächen.
10;86;5;Es war okay. Weder besonders gut, noch besonders schlecht.
10;156;8;Ich habe es wirklich genossen! Die Charakterentwicklung war besonders stark.
11;183;2;Es war eine Enttäuschung. Das Potenzial wurde komplett verschenkt.
11;517;10;Ein brillantes Buch, das ich nicht mehr aus der Hand legen konnte. Ein echtes Meisterwerk!
15;770;3;Die Geschichte kam nie wirklich in Fahrt. Ich hatte mir mehr versprochen.
16;721;7;Ein solides Buch mit einigen unerwarteten Wendungen, aber nicht überwältigend.
16;476;5;Das Buch hatte seine Momente, konnte mich aber insgesamt nicht überzeugen.
17;880;8;Sehr gut geschrieben und fesselnd bis zum Schluss. Einige wenige Schwächen.
19;764;1;Dieses Buch hat mir überhaupt nicht gefallen. Es war langweilig und ohne klare Richtung.
19;250;9;Eine wunderbare Geschichte, die tief berührt und nachdenklich macht.
23;152;4;Einige Kapitel waren interessant, aber insgesamt fehlte es an Konsistenz und Tiefe.
25;99;4;Das Buch begann mit einer spannenden Idee, verlor sich aber leider in zu vielen Nebenhandlungen. Die Charaktere blieben oft zu oberflächlich und ich fand es schwierig, mich wirklich mit ihnen zu verbinden.
26;770;7;Dieses Buch bietet solide Unterhaltung, wobei einige Kapitel besonders hervorstechen. Manchmal hatte ich das Gefühl, dass gewisse Passagen kürzer hätten sein können, insgesamt aber ein gutes Buch.
27;45;6;Das Buch war in Ordnung, weder herausragend noch enttäuschend. Die Handlung plätscherte an manchen Stellen vor sich hin, es gab aber auch interessante Wendungen.
32;614;9;Ich war beeindruckt von der Tiefe der Charaktere und der kunstvollen Art, wie die Geschichte erzählt wurde. Kleinere Schwächen im Mittelteil, aber ansonsten ein großartiges Buch.
32;948;5;Das Buch war durchschnittlich. Einige Teile waren fesselnd, andere wiederum zogen sich. Es war nicht schlecht, aber ich habe schon Besseres gelesen.
35;100;8;Dieses Buch war eine erfreuliche Überraschung. Tiefgründige Charaktere, eine spannende Handlung und nur wenige Längen. Empfehlenswert!
35;125;2;Ich hatte hohe Erwartungen, wurde aber enttäuscht. Es fehlte an Spannung und die Charaktere waren nicht gut ausgearbeitet.
38;752;10;Ein absolutes Meisterwerk! Jedes Kapitel war ein Genuss. Die Art und Weise, wie die Geschichte erzählt wurde, hat mich tief berührt.
40;239;3;Es war eine Herausforderung, das Buch zu Ende zu lesen. Der Schreibstil war nicht mein Fall und die Handlung hatte zu viele Lücken.
42;262;4;Die Geschichte hätte wirklich Potenzial gehabt, wurde aber durch einen wirren Erzählstil und zu viele unnötige Details getrübt. Ich hatte Schwierigkeiten, bis zum Ende durchzuhalten.
43;876;7;Ein schönes Buch, das sowohl unterhält als auch zum Nachdenken anregt. Es gab zwar einige Passagen, die sich etwas hinzogen, aber insgesamt war es ein lohnendes Leseerlebnis.
44;783;6;Ich hatte gemischte Gefühle beim Lesen dieses Buches. Während einige Kapitel fesselnd und gut geschrieben waren, fanden andere keinen richtigen Rhythmus und fielen ab.
44;569;9;Ein faszinierendes Buch, das mit jedem Kapitel wächst. Die Charaktere sind lebendig und die Handlung ist sowohl spannend als auch tiefgründig. Ein Buch, das man nicht so leicht vergisst.
45;248;5;Ein Buch, das weder besonders gut noch besonders schlecht war. Es hatte seine Momente, insgesamt fehlte es jedoch an Tiefe und Originalität.
46;136;8;Ich habe jede Seite dieses Buches genossen. Ein paar kleine Schwächen hier und da, aber die Stärken überwiegen deutlich. Eine klare Empfehlung für alle, die gute Literatur schätzen.
46;800;2;Ein wirklich enttäuschendes Buch. Die Handlung war chaotisch, die Charaktere blass und der Schreibstil zu kompliziert. Nicht mein Geschmack.
46;181;10;Ein literarisches Juwel! Das Buch hat mich von Anfang bis Ende in Atem gehalten. Die Geschichte ist fesselnd, die Charaktere authentisch und der Schreibstil ist einfach brillant.
47;330;3;Trotz der interessanten Prämisse fand ich das Buch eher langweilig und oft schwerfällig. Einige Kapitel waren so langatmig, dass ich sie überblättert habe.
48;616;8;Eine wirklich beeindruckende Geschichte, die lange nachhallt. Einige kleinere Erzählstränge wirkten überflüssig, aber das Gesamtbild war sehr überzeugend.
48;424;6;Ein Buch mit Höhen und Tiefen. Einige Kapitel waren wirklich beeindruckend, während andere eher enttäuschend waren. Ein gemischtes Leseerlebnis.
49;563;4;Ich habe wirklich versucht, mich in das Buch hineinzufinden, aber die unklaren Dialoge und der fehlende Fokus haben es mir schwer gemacht. Schade um das Potenzial.
53;315;9;Eine beeindruckende Reise durch eine gut konstruierte Welt. Abgesehen von einigen wenigen, kleinen Fehlern hat dieses Buch mich wirklich berührt.
55;691;5;Ein typisches Mittelklasse-Buch. Nichts Besonderes, aber auch nicht besonders schlecht. Ideal für einen entspannten Nachmittag.
69;857;7;Das Buch hatte starke Momente und interessante Ideen. Es gab jedoch auch Kapitel, die das Tempo herausgenommen haben. Dennoch ein lesenswertes Buch.
70;787;6;Ich mochte die Grundidee und einige der Charaktere waren wirklich gut entwickelt. Dennoch hatte ich das Gefühl, dass etwas gefehlt hat.
74;520;8;Ein packendes Buch, das schwer aus der Hand zu legen ist. Es gab ein paar kleine Schwächen, aber die Stärken haben diese weit überschattet.
76;25;3;Leider hat dieses Buch nicht meine Erwartungen erfüllt. Die Handlung war oft verwirrend und die Charaktere konnten mich nicht überzeugen.
78;931;10;Ein literarisches Meisterwerk. Die Mischung aus Spannung, Tiefe und Emotion hat mich vollkommen eingenommen. Ein Muss für jeden Bücherliebhaber.
78;718;7;Gut geschrieben, mit einigen überraschenden Wendungen. Es hätte jedoch etwas kürzer sein können, um den Fluss zu verbessern.
81;423;4;Das Buch hat sich oft in Details verloren und hat den roten Faden vermisst. Einige interessante Konzepte, aber schlecht umgesetzt.
82;922;8;Ein tiefsinniges Buch, das zum Nachdenken anregt. Es hatte einige langsamere Passagen, aber insgesamt sehr beeindruckend.
85;166;4;Langweilig und vorhersehbar.
91;54;9;Fast perfekt. Ein Genuss!
93;277;5;Durchschnittlich, ohne Highlights.
95;618;7;Gut, aber nicht überragend.
95;840;6;Nett für zwischendurch.
96;266;8;Packend und gut geschrieben.
97;815;3;Nicht mein Fall. Enttäuschend.
98;952;10;Ein absolutes Meisterwerk!
98;496;7;Interessant, aber etwas lang.
104;817;4;Zu viele Längen. Schade.
104;1042;8;Tolle Story, flüssiger Stil.
105;707;6;Okay, aber nichts Neues.
106;128;9;Fesselnd bis zur letzten Seite.
109;590;5;Hat mich nicht überzeugt.
111;853;2;Zäh und uninteressant.
114;192;4;Hatte mehr erwartet.
119;387;9;Einfach grandios!
120;1000;5;Lesbar, aber nicht besonders.
120;197;7;Ganz nett und unterhaltsam.
121;531;6;Einige gute Ansätze.
122;431;8;Beeindruckend und fesselnd.
123;989;3;Verfehlt die Erwartungen.
126;680;10;Ein echtes Highlight!
131;312;7;Bietet solide Unterhaltung.
133;395;4;Nicht wirklich mitreißend.
138;446;8;Spannend von Anfang bis Ende.
143;789;6;Mittelmäßig, aber okay.
144;786;9;Ein echter Pageturner!
144;906;5;Für Zwischendurch in Ordnung.
144;666;2;Konnte mich nicht fesseln.
145;541;4;Das Buch begann mit einer interessanten Idee, aber es war oft schwierig, dem roten Faden zu folgen. Viele unnötige Details und Ablenkungen haben das Leseerlebnis beeinträchtigt.
145;1020;9;Ein beeindruckendes Werk, das einen von Anfang bis Ende in seinen Bann zieht. Die Tiefe und Komplexität, mit der die Themen behandelt werden, ist lobenswert.
148;274;5;Das Buch war weder besonders beeindruckend noch besonders enttäuschend. Einige Abschnitte waren wirklich interessant, während andere sich zogen.
148;442;7;Insgesamt ein solides Buch mit einigen Höhepunkten. Es gab Stellen, die ein wenig langatmig waren, aber die Gesamtstruktur war gut durchdacht.
149;721;6;Es gab Momente im Buch, die wirklich herausstachen und andere, die eher flach wirkten. Ein gemischtes Leseerlebnis.
152;105;8;Das Buch war fesselnd, mit gut entwickelten Ideen und einem flüssigen Schreibstil. Einige kleinere Schwächen, aber insgesamt sehr lesenswert.
153;84;3;Ich hatte Schwierigkeiten, mich durch das Buch zu arbeiten. Es mangelte an Klarheit und der Fokus schien oft zu fehlen.
154;837;10;Ein absolut beeindruckendes Buch, das tief berührt und lange im Gedächtnis bleibt. Die Art und Weise, wie die Themen behandelt werden, ist einfach meisterhaft.
164;435;7;Ein gut strukturiertes Buch, das interessante Einblicke bietet. Es hätte an einigen Stellen etwas präziser sein können, aber insgesamt war es eine lohnende Lektüre.
164;40;4;Das Buch hatte seine Momente, aber es gab auch viele Abschnitte, die sich in die Länge zogen und das Gesamterlebnis minderten.
166;488;4;Während das Buch mit einer fesselnden Prämisse begann, verlor es sich in der Mitte und erreichte nicht das erwartete Potential. Es fehlte an Tiefe und Kontinuität.
166;652;9;Das Buch beeindruckt durch seinen durchdachten Aufbau und die gekonnte Verknüpfung von Themen. Es regt zum Nachdenken an und hinterlässt einen bleibenden Eindruck.
166;103;5;Ein Buch, das in der Mitte schwebt – weder besonders herausragend noch besonders enttäuschend. Es gibt einige Highlights, aber auch Passagen, die sich ziehen.
168;454;7;Ein solides Buch, das einen guten Einblick in seine Thematik bietet. Es hätte an einigen Stellen schärfer formuliert sein können, aber insgesamt war es eine angenehme Lektüre.
172;89;6;Das Buch hat seine Stärken, vor allem in der Darstellung von Emotionen und Beziehungen, leidet aber unter einigen Längen und wiederholenden Passagen.
173;425;8;Ein fesselndes Buch, das den Leser mit auf eine tiefgehende Reise nimmt. Kleinere Schwächen im Aufbau, aber der Gesamteindruck ist stark.
176;174;3;Ich hatte hohe Erwartungen an dieses Buch, wurde aber enttäuscht. Es mangelte an Struktur und die Erzählweise war oft schwer nachzuvollziehen.
176;156;10;Ein herausragendes Buch, das von Anfang bis Ende brilliert. Es ist tiefgründig, berührend und hinterlässt einen nachhaltigen Eindruck.
179;28;7;Das Buch bietet eine gute Mischung aus spannenden und ruhigeren Momenten. Einige Kapitel hätten gekürzt werden können, aber insgesamt eine gute Lektüre.
180;955;4;Trotz einiger interessanter Ansätze konnte das Buch nicht durchgehend überzeugen. Es fehlte oft an Tiefe und der Aufbau war zuweilen chaotisch.
185;339;4;Das Buch hatte durchaus interessante Elemente, verlor sich jedoch oft in Banalitäten. Ich hätte mir mehr Klarheit und Struktur gewünscht.
187;372;9;Ein nahezu perfektes Buch. Es zieht den Leser in eine fesselnde Geschichte, die sowohl intellektuell als auch emotional stimuliert. Ein wahres Lesevergnügen!
187;354;5;Ein durchschnittliches Buch, das weder besonders enttäuscht noch besonders überzeugt. Für Leser, die keine hohen Erwartungen haben, möglicherweise passend.
191;380;7;Das Buch bot einige Aha-Momente und hat sicherlich seine Stärken. Einige Abschnitte könnten jedoch straffer und präziser sein.
192;610;6;Ein Buch mit Höhen und Tiefen. Während einige Kapitel durchaus faszinieren, fehlt anderen der nötige Biss und Tiefgang.
192;258;8;Ein beeindruckendes Buch, das trotz kleinerer Mängel den Leser fesselt und zum Weiterlesen animiert. Die Nuancen und Feinheiten machen es besonders.
194;177;3;Das Buch ließ viel zu wünschen übrig. Die Erzählstruktur war verwirrend, und oft fühlte es sich an, als ob wichtige Details fehlen würden.
199;223;10;Dieses Buch ist ein wahres Meisterwerk! Es verbindet gekonnt unterschiedliche Themen und präsentiert sie in einer einnehmenden und fesselnden Erzählweise.
201;348;7;Ein lohnendes Buch mit gut recherchierten Details. Es gibt einige Stellen, die verbessert werden könnten, aber insgesamt eine gute Leseerfahrung.
204;594;4;Es schien, als ob das Buch viel Potential hätte, aber letztendlich fehlte der nötige Fokus und die Klarheit, um es wirklich herausragend zu machen.
207;1062;4;Das Buch schien anfangs vielversprechend, doch leider verlor es sich in zu vielen Details und konnte mich nicht bis zum Ende fesseln.
209;327;9;Ein nahezu makelloses Werk, das durch Tiefe und Feinfühligkeit überzeugt. Es hat meine Erwartungen übertroffen und wird noch lange in Erinnerung bleiben.
214;171;5;Das Buch bietet eine durchschnittliche Erzählung, die manchmal fesselt, oft aber auch vorhersehbar ist. Kein Highlight, aber auch kein totaler Reinfall.
216;431;7;Es gibt einige brillante Momente in diesem Buch, die von einigen Längen und Redundanzen überschattet werden. Trotzdem ein anständiges Leseerlebnis.
218;302;6;Das Buch hatte einige interessante Ansätze, konnte aber nicht durchgehend überzeugen. Es fehlte an einer konstanten Spannungskurve.
219;37;8;Ein sehr gelungenes Buch, das mit seinem Detailreichtum und seiner Einfühlungsvermögen überzeugt. Kleinere Mängel, aber insgesamt beeindruckend.
221;1004;3;Das Buch hat seine Momente, jedoch fand ich es insgesamt unzusammenhängend und oft schwer zu verfolgen. Eine enttäuschende Lektüre.
225;435;10;Ein herausragendes Buch! Von der ersten bis zur letzten Seite ein Genuss. Eine tiefgreifende und dennoch zugängliche Lektüre, die lange nachhallt.
225;563;7;Das Buch ist gut geschrieben und bietet einige Denkanstöße, obwohl es an einigen Stellen etwas repetitiv wirkt. Insgesamt eine lohnenswerte Lektüre.
226;52;4;Das Buch hatte Momente des Glanzes, wurde aber oft von seiner eigenen Komplexität und den vielen Nebenhandlungen überwältigt.
226;851;4;Das Buch schien anfangs vielversprechend, doch leider verlor es sich in zu vielen Details und konnte mich nicht bis zum Ende fesseln.
227;747;9;Ein nahezu makelloses Werk, das durch Tiefe und Feinfühligkeit überzeugt. Es hat meine Erwartungen übertroffen und wird noch lange in Erinnerung bleiben.
227;123;5;Das Buch bietet eine durchschnittliche Erzählung, die manchmal fesselt, oft aber auch vorhersehbar ist. Kein Highlight, aber auch kein totaler Reinfall.
229;13;7;Es gibt einige brillante Momente in diesem Buch, die von einigen Längen und Redundanzen überschattet werden. Trotzdem ein anständiges Leseerlebnis.
229;427;6;Das Buch hatte einige interessante Ansätze, konnte aber nicht durchgehend überzeugen. Es fehlte an einer konstanten Spannungskurve.
230;781;8;Ein sehr gelungenes Buch, das mit seinem Detailreichtum und seiner Einfühlungsvermögen überzeugt. Kleinere Mängel, aber insgesamt beeindruckend.
230;756;3;Das Buch hat seine Momente, jedoch fand ich es insgesamt unzusammenhängend und oft schwer zu verfolgen. Eine enttäuschende Lektüre.
232;467;10;Ein herausragendes Buch! Von der ersten bis zur letzten Seite ein Genuss. Eine tiefgreifende und dennoch zugängliche Lektüre, die lange nachhallt.
232;179;7;Das Buch ist gut geschrieben und bietet einige Denkanstöße, obwohl es an einigen Stellen etwas repetitiv wirkt. Insgesamt eine lohnenswerte Lektüre.
232;948;4;Das Buch hatte Momente des Glanzes, wurde aber oft von seiner eigenen Komplexität und den vielen Nebenhandlungen überwältigt.
235;1054;4;Das Buch hielt leider nicht, was es versprach. Trotz einiger fesselnder Momente mangelte es insgesamt an Tiefgang und Überzeugungskraft.
237;544;9;Ein beeindruckendes Buch, das den Leser mit jeder Seite mehr einbindet. Die subtilen Nuancen und der erfrischende Schreibstil machen es zu einem Highlight.
241;78;5;Das Buch war okay, weder hervorstechend gut noch schlecht. Es bot eine solide Erzählung, ohne wirklich bleibenden Eindruck zu hinterlassen.
242;994;7;Ein Buch mit vielen Stärken, das jedoch an einigen Stellen Potential liegen lässt. Trotzdem eine empfehlenswerte Lektüre für Zwischendurch.
243;486;6;Das Buch pendelte zwischen interessanten Ansätzen und weniger gelungenen Passagen. Nicht schlecht, aber es gibt definitiv bessere Werke.
244;698;8;Dieses Buch hat mich überrascht! Es überzeugt mit Tiefe, Charakter und einem fesselnden Schreibstil. Ein paar kleine Mängel, aber insgesamt sehr empfehlenswert.
246;305;3;Leider konnte das Buch nicht wirklich überzeugen. Es hatte seine Momente, aber oft fühlte es sich langatmig und nicht zielgerichtet an.
248;1036;10;Ein literarisches Meisterwerk, das den Leser auf allen Ebenen anspricht. Es ist schwer, dieses Buch aus der Hand zu legen – ein absolutes Muss!
